github repo,cve vendor,cve product,cve ids
facebook/react,facebook,react,CVE-2018-6341
microsoft/vscode,microsoft,vscodemaven,
golang/go,golang,go,CVE-2012-2666 CVE-2014-7189 CVE-2015-5739 CVE-2015-5740 CVE-2015-5741 CVE-2015-8618 CVE-2016-3958 CVE-2016-3959 CVE-2016-5386 CVE-2017-1000097 CVE-2017-1000098 CVE-2017-15041 CVE-2017-15042 CVE-2017-8932 CVE-2018-16873 CVE-2018-16874 CVE-2018-16875 CVE-2018-6574 CVE-2018-7187 CVE-2019-11888 CVE-2019-14809 CVE-2019-16276 CVE-2019-17596 CVE-2019-6486 CVE-2019-9634 CVE-2019-9741 CVE-2020-0601 CVE-2020-14039 CVE-2020-15586 CVE-2020-16845 CVE-2020-24553 CVE-2020-28362 CVE-2020-28366 CVE-2020-28367 CVE-2020-28851 CVE-2020-29509 CVE-2020-29510 CVE-2020-29511 CVE-2020-7919 CVE-2021-23772 CVE-2021-27918 CVE-2021-27919 CVE-2021-29923 CVE-2021-3114 CVE-2021-3115 CVE-2021-31525 CVE-2021-33194 CVE-2021-33195 CVE-2021-33196 CVE-2021-33197 CVE-2021-33198 CVE-2021-34558 CVE-2021-36221 CVE-2021-38297 CVE-2021-39293 CVE-2021-41771 CVE-2021-41772 CVE-2021-44716 CVE-2021-44717 CVE-2022-1705 CVE-2022-1962 CVE-2022-23772 CVE-2022-23773 CVE-2022-23806 CVE-2022-24675 CVE-2022-24921 CVE-2022-27536 CVE-2022-27664 CVE-2022-28131 CVE-2022-28327 CVE-2022-2879 CVE-2022-2880 CVE-2022-29526 CVE-2022-29804 CVE-2022-30580 CVE-2022-30629 CVE-2022-30630 CVE-2022-30631 CVE-2022-30632 CVE-2022-30633 CVE-2022-30634 CVE-2022-30635
facebook/react-native,facebook,react-native,CVE-2020-1920
electron/electron,electron,electron,CVE-2017-12581
kubernetes/kubernetes,kubernetes,kubernetes,CVE-2015-7528 CVE-2015-7561 CVE-2016-1905 CVE-2016-1906 CVE-2016-7075 CVE-2017-1000056 CVE-2017-1002100 CVE-2017-1002101 CVE-2017-1002102 CVE-2018-1002100 CVE-2018-1002101 CVE-2018-1002102 CVE-2018-1002105 CVE-2019-1002100 CVE-2019-1002101 CVE-2019-11243 CVE-2019-11244 CVE-2019-11245 CVE-2019-11246 CVE-2019-11247 CVE-2019-11248 CVE-2019-11249 CVE-2019-11250 CVE-2019-11251 CVE-2019-11252 CVE-2019-11253 CVE-2019-11254 CVE-2019-9946 CVE-2020-8551 CVE-2020-8552 CVE-2020-8554 CVE-2020-8555 CVE-2020-8557 CVE-2020-8558 CVE-2020-8559 CVE-2020-8561 CVE-2020-8562 CVE-2020-8563 CVE-2020-8564 CVE-2020-8565 CVE-2020-8566 CVE-2021-25735 CVE-2021-25736 CVE-2021-25737 CVE-2021-25740 CVE-2021-25741 CVE-2021-25743 CVE-2021-25749
nodejs/node,nodejs,nodejs,
rust-lang/rust,rust-lang,rust,CVE-2015-20001 CVE-2017-20004 CVE-2018-1000622 CVE-2018-1000657 CVE-2018-1000810 CVE-2018-25008 CVE-2019-1010299 CVE-2019-12083 CVE-2019-16760 CVE-2020-36317 CVE-2020-36318 CVE-2020-36323 CVE-2021-28875 CVE-2021-28876 CVE-2021-28877 CVE-2021-28878 CVE-2021-28879 CVE-2021-29922 CVE-2021-31162 CVE-2022-21658
godotengine/godot,godotengine,godot,CVE-2018-1000224 CVE-2019-10069
neovim/neovim,neovim,neovim,CVE-2019-12735
bitcoin/bitcoin,bitcoin,bitcoin,CVE-2017-9230 CVE-2021-31876 CVE-2021-3401
opencv/opencv,opencv,opencv,CVE-2016-1516 CVE-2016-1517 CVE-2017-1000450 CVE-2017-12597 CVE-2017-12598 CVE-2017-12599 CVE-2017-12600 CVE-2017-12601 CVE-2017-12602 CVE-2017-12603 CVE-2017-12604 CVE-2017-12605 CVE-2017-12606 CVE-2017-12862 CVE-2017-12863 CVE-2017-12864 CVE-2017-14136 CVE-2017-17760 CVE-2017-18009 CVE-2018-5268 CVE-2018-5269 CVE-2018-7712 CVE-2018-7713 CVE-2018-7714 CVE-2019-14491 CVE-2019-14492 CVE-2019-14493 CVE-2019-15939 CVE-2019-16249 CVE-2019-19624 CVE-2019-5063 CVE-2019-5064
netdata/netdata,netdata,netdata,CVE-2019-9834
elastic/elasticsearch,elastic,elasticsearch,CVE-2015-1427 CVE-2015-5377 CVE-2018-17244 CVE-2018-17247 CVE-2018-3826 CVE-2018-3831 CVE-2019-7611 CVE-2019-7614 CVE-2019-7619 CVE-2020-7009 CVE-2020-7014 CVE-2020-7019 CVE-2020-7020 CVE-2020-7021 CVE-2021-22132 CVE-2021-22134 CVE-2021-22135 CVE-2021-22137 CVE-2021-22144 CVE-2021-22145 CVE-2021-22146 CVE-2021-22147 CVE-2021-37937 CVE-2022-23708 CVE-2022-23712
redis/redis,redis,redis,CVE-2021-31294 CVE-2021-32626 CVE-2021-32627 CVE-2021-32628 CVE-2021-32672 CVE-2021-32675 CVE-2021-32687 CVE-2021-32762 CVE-2021-41099 CVE-2022-0543 CVE-2022-24735 CVE-2022-24736 CVE-2022-24834
scikit-learn/scikit-learn,scikit-learn,scikit-learn,CVE-2020-13092 CVE-2020-28975
git/git,git,git,CVE-2006-0477 CVE-2008-3546 CVE-2008-5516 CVE-2008-5517 CVE-2008-5916 CVE-2009-2108 CVE-2010-3906 CVE-2020-5260 CVE-2022-25648
JetBrains/kotlin,jetbrains,kotlin,CVE-2019-10101 CVE-2019-10102 CVE-2019-10103 CVE-2020-15824 CVE-2020-29582 CVE-2022-24329
ethereum/go-ethereum,ethereum,go-ethereum,CVE-2018-12018 CVE-2018-16733 CVE-2018-19184 CVE-2018-20421 CVE-2020-26240 CVE-2020-26241 CVE-2020-26242 CVE-2020-26264 CVE-2020-26265 CVE-2021-39137 CVE-2021-41173 CVE-2021-42219 CVE-2021-43668 CVE-2022-23327 CVE-2022-23328 CVE-2022-29177
rclone/rclone,rclone,rclone,CVE-2018-12907 CVE-2020-28924
JuliaLang/julia,julialang,julia,CVE-2021-4048
FFmpeg/FFmpeg,ffmpeg,ffmpeg,CVE-2005-4048 CVE-2006-4800 CVE-2008-3162 CVE-2008-4866 CVE-2008-4867 CVE-2008-4868 CVE-2008-4869 CVE-2009-0385 CVE-2009-4631 CVE-2009-4632 CVE-2009-4633 CVE-2009-4634 CVE-2009-4635 CVE-2009-4636 CVE-2009-4637 CVE-2009-4638 CVE-2009-4639 CVE-2009-4640 CVE-2010-3429 CVE-2010-3908 CVE-2010-4704 CVE-2010-4705 CVE-2011-0722 CVE-2011-0723 CVE-2011-1931 CVE-2011-2160 CVE-2011-2161 CVE-2011-2162 CVE-2011-3362 CVE-2011-3504 CVE-2011-3929 CVE-2011-3934 CVE-2011-3935 CVE-2011-3936 CVE-2011-3937 CVE-2011-3940 CVE-2011-3941 CVE-2011-3944 CVE-2011-3945 CVE-2011-3946 CVE-2011-3947 CVE-2011-3949 CVE-2011-3950 CVE-2011-3951 CVE-2011-3952 CVE-2011-3973 CVE-2011-3974 CVE-2011-4031 CVE-2011-4351 CVE-2011-4352 CVE-2011-4353 CVE-2011-4364 CVE-2011-4579 CVE-2012-0847 CVE-2012-0848 CVE-2012-0849 CVE-2012-0850 CVE-2012-0851 CVE-2012-0852 CVE-2012-0853 CVE-2012-0854 CVE-2012-0855 CVE-2012-0856 CVE-2012-0857 CVE-2012-0858 CVE-2012-0859 CVE-2012-2771 CVE-2012-2772 CVE-2012-2773 CVE-2012-2774 CVE-2012-2775 CVE-2012-2776 CVE-2012-2777 CVE-2012-2778 CVE-2012-2779 CVE-2012-2780 CVE-2012-2781 CVE-2012-2782 CVE-2012-2783 CVE-2012-2784 CVE-2012-2785 CVE-2012-2786 CVE-2012-2787 CVE-2012-2788 CVE-2012-2789 CVE-2012-2790 CVE-2012-2791 CVE-2012-2792 CVE-2012-2793 CVE-2012-2794 CVE-2012-2795 CVE-2012-2796 CVE-2012-2797 CVE-2012-2798 CVE-2012-2799 CVE-2012-2800 CVE-2012-2801 CVE-2012-2802 CVE-2012-2803 CVE-2012-2804 CVE-2012-2805 CVE-2012-5359 CVE-2012-5360 CVE-2012-5361 CVE-2012-6615 CVE-2012-6616 CVE-2012-6617 CVE-2012-6618 CVE-2013-0844 CVE-2013-0845 CVE-2013-0846 CVE-2013-0847 CVE-2013-0848 CVE-2013-0849 CVE-2013-0850 CVE-2013-0851 CVE-2013-0852 CVE-2013-0853 CVE-2013-0854 CVE-2013-0855 CVE-2013-0856 CVE-2013-0857 CVE-2013-0858 CVE-2013-0859 CVE-2013-0860 CVE-2013-0861 CVE-2013-0862 CVE-2013-0863 CVE-2013-0864 CVE-2013-0865 CVE-2013-0866 CVE-2013-0867 CVE-2013-0868 CVE-2013-0869 CVE-2013-0870 CVE-2013-0872 CVE-2013-0873 CVE-2013-0874 CVE-2013-0875 CVE-2013-0876 CVE-2013-0877 CVE-2013-0878 CVE-2013-0894 CVE-2013-2276 CVE-2013-2277 CVE-2013-2495 CVE-2013-2496 CVE-2013-3670 CVE-2013-3671 CVE-2013-3672 CVE-2013-3673 CVE-2013-3674 CVE-2013-3675 CVE-2013-4263 CVE-2013-4264 CVE-2013-4265 CVE-2013-4358 CVE-2013-7008 CVE-2013-7009 CVE-2013-7010 CVE-2013-7011 CVE-2013-7012 CVE-2013-7013 CVE-2013-7014 CVE-2013-7015 CVE-2013-7016 CVE-2013-7017 CVE-2013-7018 CVE-2013-7019 CVE-2013-7020 CVE-2013-7021 CVE-2013-7022 CVE-2013-7023 CVE-2013-7024 CVE-2014-125002 CVE-2014-125003 CVE-2014-125004 CVE-2014-125005 CVE-2014-125006 CVE-2014-125007 CVE-2014-125008 CVE-2014-125009 CVE-2014-125010 CVE-2014-125011 CVE-2014-125012 CVE-2014-125013 CVE-2014-125014 CVE-2014-125015 CVE-2014-125016 CVE-2014-125017 CVE-2014-125018 CVE-2014-125019 CVE-2014-125020 CVE-2014-125021 CVE-2014-125022 CVE-2014-125023 CVE-2014-125024 CVE-2014-125025 CVE-2014-2097 CVE-2014-2098 CVE-2014-2099 CVE-2014-2263 CVE-2014-4610 CVE-2014-5271 CVE-2014-5272 CVE-2014-7933 CVE-2014-7937 CVE-2014-8541 CVE-2014-8542 CVE-2014-8543 CVE-2014-8544 CVE-2014-8545 CVE-2014-8546 CVE-2014-8547 CVE-2014-8548 CVE-2014-8549 CVE-2014-9316 CVE-2014-9317 CVE-2014-9318 CVE-2014-9319 CVE-2014-9602 CVE-2014-9603 CVE-2014-9604 CVE-2014-9676 CVE-2015-1208 CVE-2015-1872 CVE-2015-3395 CVE-2015-3417 CVE-2015-6761 CVE-2015-6818 CVE-2015-6819 CVE-2015-6820 CVE-2015-6821 CVE-2015-6822 CVE-2015-6823 CVE-2015-6824 CVE-2015-6825 CVE-2015-6826 CVE-2015-8216 CVE-2015-8217 CVE-2015-8218 CVE-2015-8219 CVE-2015-8363 CVE-2015-8364 CVE-2015-8365 CVE-2015-8661 CVE-2015-8662 CVE-2015-8663 CVE-2016-10190 CVE-2016-10191 CVE-2016-10192 CVE-2016-1897 CVE-2016-1898 CVE-2016-2213 CVE-2016-2326 CVE-2016-2327 CVE-2016-2328 CVE-2016-2329 CVE-2016-2330 CVE-2016-2839 CVE-2016-3062 CVE-2016-6164 CVE-2016-6671 CVE-2016-6881 CVE-2016-6920 CVE-2016-7122 CVE-2016-7450 CVE-2016-7502 CVE-2016-7555 CVE-2016-7562 CVE-2016-7785 CVE-2016-7905 CVE-2016-8595 CVE-2016-9561 CVE-2017-1000460 CVE-2017-11399 CVE-2017-11665 CVE-2017-11719 CVE-2017-14054 CVE-2017-14055 CVE-2017-14056 CVE-2017-14057 CVE-2017-14058 CVE-2017-14059 CVE-2017-14169 CVE-2017-14170 CVE-2017-14171 CVE-2017-14222 CVE-2017-14223 CVE-2017-14225 CVE-2017-14767 CVE-2017-15186 CVE-2017-15672 CVE-2017-16840 CVE-2017-17081 CVE-2017-17555 CVE-2017-7859 CVE-2017-7862 CVE-2017-7863 CVE-2017-7865 CVE-2017-7866 CVE-2017-9608 CVE-2017-9990 CVE-2017-9991 CVE-2017-9992 CVE-2017-9993 CVE-2017-9994 CVE-2017-9995 CVE-2017-9996 CVE-2018-10001 CVE-2018-12458 CVE-2018-12459 CVE-2018-12460 CVE-2018-13300 CVE-2018-13301 CVE-2018-13302 CVE-2018-13303 CVE-2018-13304 CVE-2018-13305 CVE-2018-14394 CVE-2018-14395 CVE-2018-15822 CVE-2018-1999010 CVE-2018-1999011 CVE-2018-1999012 CVE-2018-1999013 CVE-2018-1999014 CVE-2018-1999015 CVE-2018-6392 CVE-2018-6621 CVE-2018-6912 CVE-2018-7557 CVE-2018-7751 CVE-2018-9841 CVE-2019-1000016 CVE-2019-11338 CVE-2019-11339 CVE-2019-12730 CVE-2019-13312 CVE-2019-13390 CVE-2019-15942 CVE-2019-17539 CVE-2019-17542 CVE-2019-9718 CVE-2019-9721 CVE-2020-12284 CVE-2020-13904 CVE-2020-14212 CVE-2020-20445 CVE-2020-20446 CVE-2020-20448 CVE-2020-20450 CVE-2020-20451 CVE-2020-20453 CVE-2020-20891 CVE-2020-20892 CVE-2020-20896 CVE-2020-20898 CVE-2020-20902 CVE-2020-21041 CVE-2020-21688 CVE-2020-21697 CVE-2020-22015 CVE-2020-22016 CVE-2020-22017 CVE-2020-22019 CVE-2020-22020 CVE-2020-22021 CVE-2020-22022 CVE-2020-22023 CVE-2020-22024 CVE-2020-22025 CVE-2020-22026 CVE-2020-22027 CVE-2020-22028 CVE-2020-22029 CVE-2020-22030 CVE-2020-22031 CVE-2020-22032 CVE-2020-22033 CVE-2020-22034 CVE-2020-22035 CVE-2020-22036 CVE-2020-22037 CVE-2020-22038 CVE-2020-22039 CVE-2020-22040 CVE-2020-22041 CVE-2020-22042 CVE-2020-22043 CVE-2020-22044 CVE-2020-22046 CVE-2020-22048 CVE-2020-22049 CVE-2020-22051 CVE-2020-22054 CVE-2020-22056 CVE-2020-23906 CVE-2020-24020 CVE-2020-24995 CVE-2020-35964 CVE-2020-35965 CVE-2020-36138 CVE-2021-28429 CVE-2021-30123 CVE-2021-33815 CVE-2021-3566 CVE-2021-38090 CVE-2021-38091 CVE-2021-38092 CVE-2021-38093 CVE-2021-38094 CVE-2021-38114 CVE-2021-38171 CVE-2021-38291 CVE-2022-1475 CVE-2022-2566
grpc/grpc,grpc,grpc,CVE-2017-7860 CVE-2017-7861 CVE-2017-8359 CVE-2017-9431 CVE-2020-7768
nwjs/nw.js,nwjs,nw.js,CVE-2014-9733
apache/spark,apache,spark,CVE-2017-12612 CVE-2017-7678 CVE-2018-11760 CVE-2018-11770 CVE-2018-11804 CVE-2018-1334 CVE-2018-17190 CVE-2018-8024 CVE-2019-10099 CVE-2019-10172 CVE-2019-20445 CVE-2020-27218 CVE-2020-27223 CVE-2020-9480 CVE-2021-38296
ClickHouse/ClickHouse,clickhouse,clickhouse,CVE-2018-14668 CVE-2018-14669 CVE-2018-14670 CVE-2018-14671 CVE-2018-14672 CVE-2019-15024 CVE-2019-16535 CVE-2019-16536 CVE-2019-18657 CVE-2021-42387 CVE-2021-42388 CVE-2021-42389 CVE-2021-42390 CVE-2021-42391 CVE-2021-43304 CVE-2021-43305
vim/vim,vim,vim,CVE-2008-2712 CVE-2008-3074 CVE-2008-3075 CVE-2008-3076 CVE-2008-3294 CVE-2008-3432 CVE-2008-4101 CVE-2008-4677 CVE-2008-6235 CVE-2009-0316 CVE-2016-1248 CVE-2017-1000382 CVE-2017-11109 CVE-2017-17087 CVE-2017-5953 CVE-2017-6349 CVE-2017-6350 CVE-2019-12735 CVE-2019-20079 CVE-2019-20807 CVE-2020-20703 CVE-2021-3236 CVE-2021-3770 CVE-2021-3778 CVE-2021-3796 CVE-2021-3872 CVE-2021-3875 CVE-2021-3903 CVE-2021-3927 CVE-2021-3928 CVE-2021-3968 CVE-2021-3973 CVE-2021-3974 CVE-2021-3984 CVE-2021-4019 CVE-2021-4069 CVE-2021-4136 CVE-2021-4166 CVE-2021-4173 CVE-2021-4187 CVE-2021-4192 CVE-2021-4193 CVE-2022-0128 CVE-2022-0156 CVE-2022-0158 CVE-2022-0213 CVE-2022-0261 CVE-2022-0318 CVE-2022-0319 CVE-2022-0351 CVE-2022-0359 CVE-2022-0361 CVE-2022-0368 CVE-2022-0392 CVE-2022-0393 CVE-2022-0407 CVE-2022-0408 CVE-2022-0413 CVE-2022-0417 CVE-2022-0443 CVE-2022-0554 CVE-2022-0572 CVE-2022-0629 CVE-2022-0685 CVE-2022-0696 CVE-2022-0714 CVE-2022-0729 CVE-2022-0943 CVE-2022-1154 CVE-2022-1160 CVE-2022-1381 CVE-2022-1420 CVE-2022-1616 CVE-2022-1619 CVE-2022-1620 CVE-2022-1621 CVE-2022-1629 CVE-2022-1674 CVE-2022-1720 CVE-2022-1725 CVE-2022-1733 CVE-2022-1735 CVE-2022-1769 CVE-2022-1771 CVE-2022-1785 CVE-2022-1796 CVE-2022-1851 CVE-2022-1886 CVE-2022-1897 CVE-2022-1898 CVE-2022-1927 CVE-2022-1942 CVE-2022-1968 CVE-2022-2000 CVE-2022-2042 CVE-2022-2124 CVE-2022-2125 CVE-2022-2126 CVE-2022-2129 CVE-2022-2175 CVE-2022-2182 CVE-2022-2183 CVE-2022-2206 CVE-2022-2207 CVE-2022-2208 CVE-2022-2210 CVE-2022-2231 CVE-2022-2257 CVE-2022-2264 CVE-2022-2284 CVE-2022-2285 CVE-2022-2286 CVE-2022-2287 CVE-2022-2288 CVE-2022-2289 CVE-2022-2304 CVE-2022-2343 CVE-2022-2344 CVE-2022-2345 CVE-2022-2522 CVE-2022-2571 CVE-2022-2580 CVE-2022-2581 CVE-2022-2598 CVE-2022-2816 CVE-2022-2817 CVE-2022-2819 CVE-2022-2845 CVE-2022-2849 CVE-2022-2862 CVE-2022-2874 CVE-2022-2889 CVE-2022-2923 CVE-2022-2946 CVE-2022-2980 CVE-2022-2982 CVE-2022-3016 CVE-2022-3037
curl/curl,curl,curl,CVE-2005-3185 CVE-2009-0037 CVE-2010-3842 CVE-2012-0036
netty/netty,netty,netty,CVE-2014-0193 CVE-2014-3488 CVE-2015-2156 CVE-2016-4970 CVE-2019-16869 CVE-2019-20444 CVE-2019-20445 CVE-2020-11612 CVE-2020-7238 CVE-2021-21290 CVE-2021-21295 CVE-2021-21409 CVE-2021-37136 CVE-2021-37137 CVE-2021-43797 CVE-2022-24823
expo/expo,expo,expo,CVE-2020-24653
hasura/graphql-engine,hasura,graphql-engine,CVE-2019-1020015
SerenityOS/serenity,serenityos,serenityos,
openssl/openssl,openssl,openssl,CVE-1999-0428 CVE-2000-0535 CVE-2000-1254 CVE-2001-1141 CVE-2002-0655 CVE-2002-0656 CVE-2002-0657 CVE-2002-0659 CVE-2002-1568 CVE-2003-0078 CVE-2003-0131 CVE-2003-0147 CVE-2003-0543 CVE-2003-0544 CVE-2003-0545 CVE-2003-0851 CVE-2004-0079 CVE-2004-0081 CVE-2004-0112 CVE-2004-0975 CVE-2005-1797 CVE-2005-2946 CVE-2005-2969 CVE-2006-2937 CVE-2006-2940 CVE-2006-3738 CVE-2006-4339 CVE-2006-4343 CVE-2006-7250 CVE-2007-3108 CVE-2007-4995 CVE-2007-5135 CVE-2008-0166 CVE-2008-0891 CVE-2008-1672 CVE-2008-1678 CVE-2008-5077 CVE-2008-7270 CVE-2009-0590 CVE-2009-0591 CVE-2009-0653 CVE-2009-0789 CVE-2009-1377 CVE-2009-1378 CVE-2009-1379 CVE-2009-1386 CVE-2009-1387 CVE-2009-1390 CVE-2009-2409 CVE-2009-3245 CVE-2009-3555 CVE-2009-3765 CVE-2009-3766 CVE-2009-3767 CVE-2009-4355 CVE-2010-0433 CVE-2010-0740 CVE-2010-0742 CVE-2010-0928 CVE-2010-1633 CVE-2010-2939 CVE-2010-3864 CVE-2010-4180 CVE-2010-4252 CVE-2010-5298 CVE-2011-0014 CVE-2011-1473 CVE-2011-1945 CVE-2011-3207 CVE-2011-3210 CVE-2011-4108 CVE-2011-4109 CVE-2011-4354 CVE-2011-4576 CVE-2011-4577 CVE-2011-4619 CVE-2011-5095 CVE-2012-0027 CVE-2012-0050 CVE-2012-0884 CVE-2012-1165 CVE-2012-2110 CVE-2012-2131 CVE-2012-2333 CVE-2012-2686 CVE-2013-0166 CVE-2013-0169 CVE-2013-4353 CVE-2013-6449 CVE-2013-6450 CVE-2014-0076 CVE-2014-0160 CVE-2014-0195 CVE-2014-0198 CVE-2014-0221 CVE-2014-0224 CVE-2014-3470 CVE-2014-3505 CVE-2014-3506 CVE-2014-3507 CVE-2014-3508 CVE-2014-3509 CVE-2014-3510 CVE-2014-3511 CVE-2014-3512 CVE-2014-3513 CVE-2014-3566 CVE-2014-3567 CVE-2014-3568 CVE-2014-3569 CVE-2014-3570 CVE-2014-3571 CVE-2014-3572 CVE-2014-5139 CVE-2014-8176 CVE-2014-8275 CVE-2015-0204 CVE-2015-0205 CVE-2015-0206 CVE-2015-0207 CVE-2015-0208 CVE-2015-0209 CVE-2015-0285 CVE-2015-0286 CVE-2015-0287 CVE-2015-0288 CVE-2015-0289 CVE-2015-0290 CVE-2015-0291 CVE-2015-0292 CVE-2015-0293 CVE-2015-1787 CVE-2015-1788 CVE-2015-1789 CVE-2015-1790 CVE-2015-1791 CVE-2015-1792 CVE-2015-1793 CVE-2015-1794 CVE-2015-3193 CVE-2015-3194 CVE-2015-3195 CVE-2015-3196 CVE-2015-3197 CVE-2015-3216 CVE-2015-4000 CVE-2016-0701 CVE-2016-0702 CVE-2016-0703 CVE-2016-0704 CVE-2016-0705 CVE-2016-0797 CVE-2016-0798 CVE-2016-0799 CVE-2016-0800 CVE-2016-2105 CVE-2016-2106 CVE-2016-2107 CVE-2016-2108 CVE-2016-2109 CVE-2016-2176 CVE-2016-2177 CVE-2016-2178 CVE-2016-2179 CVE-2016-2180 CVE-2016-2181 CVE-2016-2182 CVE-2016-2183 CVE-2016-2842 CVE-2016-6302 CVE-2016-6303 CVE-2016-6304 CVE-2016-6305 CVE-2016-6306 CVE-2016-6307 CVE-2016-6308 CVE-2016-6309 CVE-2016-7052 CVE-2016-7053 CVE-2016-7054 CVE-2016-7055 CVE-2016-7056 CVE-2016-8610 CVE-2017-3730 CVE-2017-3731 CVE-2017-3732 CVE-2017-3733 CVE-2017-3735 CVE-2017-3736 CVE-2017-3737 CVE-2017-3738 CVE-2018-0732 CVE-2018-0733 CVE-2018-0734 CVE-2018-0735 CVE-2018-0737 CVE-2018-0739 CVE-2018-5407 CVE-2019-0190 CVE-2019-1543 CVE-2019-1547 CVE-2019-1549 CVE-2019-1551 CVE-2019-1552 CVE-2019-1559 CVE-2019-1563 CVE-2020-1967 CVE-2020-1968 CVE-2020-1971 CVE-2020-7041 CVE-2020-7042 CVE-2020-7043 CVE-2021-23839 CVE-2021-23840 CVE-2021-23841 CVE-2021-3449 CVE-2021-3450 CVE-2021-3711 CVE-2021-3712 CVE-2021-4044 CVE-2021-4160 CVE-2022-0778 CVE-2022-1292 CVE-2022-1343 CVE-2022-1434 CVE-2022-1473 CVE-2022-2068 CVE-2022-2097 CVE-2022-2274
nginx/nginx,nginx,nginx,CVE-2009-3896 CVE-2009-3898
libuv/libuv,libuv,libuv,CVE-2014-9748
openwrt/openwrt,openwrt,openwrt,CVE-2018-11116 CVE-2018-19630 CVE-2019-17367 CVE-2019-18992 CVE-2019-18993 CVE-2019-19945 CVE-2019-25015 CVE-2019-5101 CVE-2019-5102 CVE-2020-28951 CVE-2020-7248 CVE-2020-7982 CVE-2021-22161 CVE-2021-28961 CVE-2021-32019 CVE-2021-33425 CVE-2021-45904 CVE-2021-45905 CVE-2021-45906
timescale/timescaledb,timescale,timescaledb,CVE-2022-24128
videolan/vlc,videolan,vlc,CVE-2007-6681 CVE-2007-6682 CVE-2007-6683 CVE-2007-6684 CVE-2008-1489 CVE-2008-1768 CVE-2008-1769 CVE-2008-1881 CVE-2008-2147 CVE-2014-6440
espressif/esp-idf,espressif,esp-idf,CVE-2018-18558 CVE-2019-12586 CVE-2019-12587 CVE-2019-15894 CVE-2020-12638 CVE-2020-13594 CVE-2020-13595 CVE-2020-16146 CVE-2021-28135 CVE-2021-28136 CVE-2021-28139 CVE-2022-24893
memcached/memcached,memcached,memcached,CVE-2011-4971 CVE-2013-0179 CVE-2013-7239 CVE-2013-7290 CVE-2013-7291 CVE-2016-8704 CVE-2016-8705 CVE-2016-8706 CVE-2017-9951 CVE-2018-1000115 CVE-2018-1000127 CVE-2019-11596 CVE-2019-15026 CVE-2020-10931 CVE-2020-22570 CVE-2021-37519
ImageMagick/ImageMagick,imagemagick,imagemagick,CVE-2003-0555 CVE-2004-0802 CVE-2004-0817 CVE-2004-0827 CVE-2004-0981 CVE-2005-0005 CVE-2005-0397 CVE-2005-0759 CVE-2005-0760 CVE-2005-0761 CVE-2005-0762 CVE-2005-1275 CVE-2005-1739 CVE-2005-3582 CVE-2005-4601 CVE-2006-0082 CVE-2006-2440 CVE-2006-3743 CVE-2006-3744 CVE-2006-4144 CVE-2006-5456 CVE-2006-5868 CVE-2007-0770 CVE-2007-1797 CVE-2007-4985 CVE-2007-4986 CVE-2007-4987 CVE-2007-4988 CVE-2008-1096 CVE-2008-1097 CVE-2009-1882 CVE-2010-4167 CVE-2012-0247 CVE-2012-0248 CVE-2012-0259 CVE-2012-0260 CVE-2012-1185 CVE-2012-1186 CVE-2012-1610 CVE-2012-1798 CVE-2012-3437 CVE-2013-4298 CVE-2014-1947 CVE-2014-1958 CVE-2014-2030 CVE-2014-8354 CVE-2014-8355 CVE-2014-8561 CVE-2014-8562 CVE-2014-8716 CVE-2014-9804 CVE-2014-9805 CVE-2014-9806 CVE-2014-9807 CVE-2014-9808 CVE-2014-9809 CVE-2014-9810 CVE-2014-9811 CVE-2014-9812 CVE-2014-9813 CVE-2014-9814 CVE-2014-9815 CVE-2014-9816 CVE-2014-9817 CVE-2014-9818 CVE-2014-9819 CVE-2014-9820 CVE-2014-9821 CVE-2014-9822 CVE-2014-9823 CVE-2014-9824 CVE-2014-9825 CVE-2014-9826 CVE-2014-9827 CVE-2014-9828 CVE-2014-9829 CVE-2014-9830 CVE-2014-9831 CVE-2014-9832 CVE-2014-9833 CVE-2014-9834 CVE-2014-9835 CVE-2014-9836 CVE-2014-9837 CVE-2014-9838 CVE-2014-9839 CVE-2014-9840 CVE-2014-9841 CVE-2014-9842 CVE-2014-9843 CVE-2014-9844 CVE-2014-9845 CVE-2014-9846 CVE-2014-9847 CVE-2014-9848 CVE-2014-9849 CVE-2014-9850 CVE-2014-9851 CVE-2014-9852 CVE-2014-9853 CVE-2014-9854 CVE-2014-9907 CVE-2014-9915 CVE-2015-8894 CVE-2015-8895 CVE-2015-8896 CVE-2015-8897 CVE-2015-8898 CVE-2015-8900 CVE-2015-8901 CVE-2015-8902 CVE-2015-8903 CVE-2015-8957 CVE-2015-8958 CVE-2015-8959 CVE-2016-10046 CVE-2016-10047 CVE-2016-10048 CVE-2016-10049 CVE-2016-10050 CVE-2016-10051 CVE-2016-10052 CVE-2016-10053 CVE-2016-10054 CVE-2016-10055 CVE-2016-10056 CVE-2016-10057 CVE-2016-10058 CVE-2016-10059 CVE-2016-10060 CVE-2016-10061 CVE-2016-10062 CVE-2016-10063 CVE-2016-10064 CVE-2016-10065 CVE-2016-10066 CVE-2016-10067 CVE-2016-10068 CVE-2016-10069 CVE-2016-10070 CVE-2016-10071 CVE-2016-10144 CVE-2016-10145 CVE-2016-10146 CVE-2016-10252 CVE-2016-3714 CVE-2016-3715 CVE-2016-3716 CVE-2016-3717 CVE-2016-3718 CVE-2016-4562 CVE-2016-4563 CVE-2016-4564 CVE-2016-5010 CVE-2016-5118 CVE-2016-5239 CVE-2016-5687 CVE-2016-5688 CVE-2016-5689 CVE-2016-5690 CVE-2016-5691 CVE-2016-5841 CVE-2016-5842 CVE-2016-6491 CVE-2016-6520 CVE-2016-6823 CVE-2016-7101 CVE-2016-7513 CVE-2016-7514 CVE-2016-7515 CVE-2016-7516 CVE-2016-7517 CVE-2016-7518 CVE-2016-7519 CVE-2016-7520 CVE-2016-7521 CVE-2016-7522 CVE-2016-7523 CVE-2016-7524 CVE-2016-7525 CVE-2016-7526 CVE-2016-7527 CVE-2016-7528 CVE-2016-7529 CVE-2016-7530 CVE-2016-7531 CVE-2016-7532 CVE-2016-7533 CVE-2016-7534 CVE-2016-7535 CVE-2016-7536 CVE-2016-7537 CVE-2016-7538 CVE-2016-7539 CVE-2016-7540 CVE-2016-7799 CVE-2016-7906 CVE-2016-8677 CVE-2016-8678 CVE-2016-8707 CVE-2016-8862 CVE-2016-8866 CVE-2016-9298 CVE-2016-9556 CVE-2016-9559 CVE-2016-9773 CVE-2017-1000445 CVE-2017-1000476 CVE-2017-10928 CVE-2017-10995 CVE-2017-11141 CVE-2017-11166 CVE-2017-11170 CVE-2017-11188 CVE-2017-11310 CVE-2017-11352 CVE-2017-11360 CVE-2017-11446 CVE-2017-11447 CVE-2017-11448 CVE-2017-11449 CVE-2017-11450 CVE-2017-11478 CVE-2017-11505 CVE-2017-11522 CVE-2017-11523 CVE-2017-11524 CVE-2017-11525 CVE-2017-11526 CVE-2017-11527 CVE-2017-11528 CVE-2017-11529 CVE-2017-11530 CVE-2017-11531 CVE-2017-11532 CVE-2017-11533 CVE-2017-11534 CVE-2017-11535 CVE-2017-11536 CVE-2017-11537 CVE-2017-11538 CVE-2017-11539 CVE-2017-11540 CVE-2017-11639 CVE-2017-11640 CVE-2017-11644 CVE-2017-11724 CVE-2017-11750 CVE-2017-11751 CVE-2017-11752 CVE-2017-11753 CVE-2017-11754 CVE-2017-11755 CVE-2017-12140 CVE-2017-12418 CVE-2017-12427 CVE-2017-12428 CVE-2017-12429 CVE-2017-12430 CVE-2017-12431 CVE-2017-12432 CVE-2017-12433 CVE-2017-12434 CVE-2017-12435 CVE-2017-12563 CVE-2017-12564 CVE-2017-12565 CVE-2017-12566 CVE-2017-12587 CVE-2017-12640 CVE-2017-12641 CVE-2017-12642 CVE-2017-12643 CVE-2017-12644 CVE-2017-12654 CVE-2017-12662 CVE-2017-12663 CVE-2017-12664 CVE-2017-12665 CVE-2017-12666 CVE-2017-12667 CVE-2017-12668 CVE-2017-12669 CVE-2017-12670 CVE-2017-12671 CVE-2017-12672 CVE-2017-12673 CVE-2017-12674 CVE-2017-12675 CVE-2017-12676 CVE-2017-12691 CVE-2017-12692 CVE-2017-12693 CVE-2017-12805 CVE-2017-12806 CVE-2017-12875 CVE-2017-12876 CVE-2017-12877 CVE-2017-12983 CVE-2017-13058 CVE-2017-13059 CVE-2017-13060 CVE-2017-13061 CVE-2017-13062 CVE-2017-13131 CVE-2017-13132 CVE-2017-13133 CVE-2017-13134 CVE-2017-13139 CVE-2017-13140 CVE-2017-13141 CVE-2017-13142 CVE-2017-13143 CVE-2017-13144 CVE-2017-13145 CVE-2017-13146 CVE-2017-13658 CVE-2017-13758 CVE-2017-13768 CVE-2017-13769 CVE-2017-14060 CVE-2017-14137 CVE-2017-14138 CVE-2017-14139 CVE-2017-14172 CVE-2017-14173 CVE-2017-14174 CVE-2017-14175 CVE-2017-14224 CVE-2017-14248 CVE-2017-14249 CVE-2017-14324 CVE-2017-14325 CVE-2017-14326 CVE-2017-14341 CVE-2017-14342 CVE-2017-14343 CVE-2017-14400 CVE-2017-14505 CVE-2017-14528 CVE-2017-14531 CVE-2017-14532 CVE-2017-14533 CVE-2017-14607 CVE-2017-14624 CVE-2017-14625 CVE-2017-14626 CVE-2017-14682 CVE-2017-14684 CVE-2017-14739 CVE-2017-14741 CVE-2017-14989 CVE-2017-15015 CVE-2017-15016 CVE-2017-15017 CVE-2017-15032 CVE-2017-15033 CVE-2017-15217 CVE-2017-15218 CVE-2017-15277 CVE-2017-15281 CVE-2017-16546 CVE-2017-17499 CVE-2017-17504 CVE-2017-17680 CVE-2017-17681 CVE-2017-17682 CVE-2017-17879 CVE-2017-17880 CVE-2017-17881 CVE-2017-17882 CVE-2017-17883 CVE-2017-17884 CVE-2017-17885 CVE-2017-17886 CVE-2017-17887 CVE-2017-17914 CVE-2017-17934 CVE-2017-18008 CVE-2017-18022 CVE-2017-18027 CVE-2017-18028 CVE-2017-18029 CVE-2017-18209 CVE-2017-18210 CVE-2017-18211 CVE-2017-18250 CVE-2017-18251 CVE-2017-18252 CVE-2017-18253 CVE-2017-18254 CVE-2017-18271 CVE-2017-18272 CVE-2017-18273 CVE-2017-5506 CVE-2017-5507 CVE-2017-5508 CVE-2017-5509 CVE-2017-5510 CVE-2017-5511 CVE-2017-6497 CVE-2017-6498 CVE-2017-6499 CVE-2017-6500 CVE-2017-6501 CVE-2017-6502 CVE-2017-7275 CVE-2017-7606 CVE-2017-7619 CVE-2017-7941 CVE-2017-7942 CVE-2017-7943 CVE-2017-8343 CVE-2017-8344 CVE-2017-8345 CVE-2017-8346 CVE-2017-8347 CVE-2017-8348 CVE-2017-8349 CVE-2017-8350 CVE-2017-8351 CVE-2017-8352 CVE-2017-8353 CVE-2017-8354 CVE-2017-8355 CVE-2017-8356 CVE-2017-8357 CVE-2017-8765 CVE-2017-8830 CVE-2017-9098 CVE-2017-9141 CVE-2017-9142 CVE-2017-9143 CVE-2017-9144 CVE-2017-9261 CVE-2017-9262 CVE-2017-9405 CVE-2017-9407 CVE-2017-9409 CVE-2017-9439 CVE-2017-9440 CVE-2017-9499 CVE-2017-9500 CVE-2017-9501 CVE-2018-10177 CVE-2018-10804 CVE-2018-10805 CVE-2018-11251 CVE-2018-11624 CVE-2018-11625 CVE-2018-11655 CVE-2018-11656 CVE-2018-12599 CVE-2018-12600 CVE-2018-13153 CVE-2018-14434 CVE-2018-14435 CVE-2018-14436 CVE-2018-14437 CVE-2018-14551 CVE-2018-15607 CVE-2018-16323 CVE-2018-16328 CVE-2018-16329 CVE-2018-16412 CVE-2018-16413 CVE-2018-16640 CVE-2018-16641 CVE-2018-16642 CVE-2018-16643 CVE-2018-16644 CVE-2018-16645 CVE-2018-16749 CVE-2018-16750 CVE-2018-17965 CVE-2018-17966 CVE-2018-17967 CVE-2018-18016 CVE-2018-18023 CVE-2018-18024 CVE-2018-18025 CVE-2018-18544 CVE-2018-20467 CVE-2018-5246 CVE-2018-5247 CVE-2018-5248 CVE-2018-5357 CVE-2018-5358 CVE-2018-6405 CVE-2018-6876 CVE-2018-6930 CVE-2018-7443 CVE-2018-7470 CVE-2018-8804 CVE-2018-8960 CVE-2018-9133 CVE-2018-9135 CVE-2019-10131 CVE-2019-10649 CVE-2019-10650 CVE-2019-10714 CVE-2019-11470 CVE-2019-11472 CVE-2019-11597 CVE-2019-11598 CVE-2019-12974 CVE-2019-12975 CVE-2019-12976 CVE-2019-12977 CVE-2019-12978 CVE-2019-12979 CVE-2019-13133 CVE-2019-13134 CVE-2019-13135 CVE-2019-13136 CVE-2019-13137 CVE-2019-13295 CVE-2019-13296 CVE-2019-13297 CVE-2019-13298 CVE-2019-13299 CVE-2019-13300 CVE-2019-13301 CVE-2019-13302 CVE-2019-13303 CVE-2019-13304 CVE-2019-13305 CVE-2019-13306 CVE-2019-13307 CVE-2019-13308 CVE-2019-13309 CVE-2019-13310 CVE-2019-13311 CVE-2019-13391 CVE-2019-13454 CVE-2019-14980 CVE-2019-14981 CVE-2019-15139 CVE-2019-15140 CVE-2019-15141 CVE-2019-16708 CVE-2019-16709 CVE-2019-16710 CVE-2019-16711 CVE-2019-16712 CVE-2019-16713 CVE-2019-17540 CVE-2019-17541 CVE-2019-17547 CVE-2019-18853 CVE-2019-19948 CVE-2019-19949 CVE-2019-19952 CVE-2019-7175 CVE-2019-7395 CVE-2019-7396 CVE-2019-7397 CVE-2019-7398 CVE-2019-9956 CVE-2020-10251 CVE-2020-13902 CVE-2020-19667 CVE-2020-25663 CVE-2020-25664 CVE-2020-25665 CVE-2020-25666 CVE-2020-25667 CVE-2020-25674 CVE-2020-25675 CVE-2020-25676 CVE-2020-27560 CVE-2020-27750 CVE-2020-27751 CVE-2020-27752 CVE-2020-27753 CVE-2020-27754 CVE-2020-27755 CVE-2020-27756 CVE-2020-27757 CVE-2020-27758 CVE-2020-27759 CVE-2020-27760 CVE-2020-27761 CVE-2020-27762 CVE-2020-27763 CVE-2020-27764 CVE-2020-27765 CVE-2020-27766 CVE-2020-27767 CVE-2020-27768 CVE-2020-27769 CVE-2020-27770 CVE-2020-27771 CVE-2020-27772 CVE-2020-27773 CVE-2020-27774 CVE-2020-27775 CVE-2020-27776 CVE-2020-27829 CVE-2020-29599 CVE-2021-20176 CVE-2021-20224 CVE-2021-20241 CVE-2021-20243 CVE-2021-20244 CVE-2021-20245 CVE-2021-20246 CVE-2021-20309 CVE-2021-20310 CVE-2021-20311 CVE-2021-20312 CVE-2021-20313 CVE-2021-3574 CVE-2021-3596 CVE-2021-3610 CVE-2021-39212 CVE-2021-3962 CVE-2021-40211 CVE-2021-4219 CVE-2022-0284 CVE-2022-1114 CVE-2022-1115 CVE-2022-2719 CVE-2022-28463
jgaa/warftpd,jgaa,warftpd,CVE-1999-0256 CVE-1999-1003 CVE-2000-0044 CVE-2000-0131 CVE-2006-2171 CVE-2006-5789 CVE-2009-5141 CVE-2013-2278
unix/unix,unix,unix,CVE-1999-0377 CVE-2003-1372 CVE-2003-1423 CVE-2003-1454 CVE-2003-1456 CVE-2003-1467 CVE-2006-7164 CVE-2007-1228 CVE-2007-3073 CVE-2007-6045 CVE-2007-6046 CVE-2007-6047 CVE-2007-6048 CVE-2007-6049 CVE-2007-6050 CVE-2007-6051 CVE-2007-6052 CVE-2007-6053 CVE-2007-6305 CVE-2008-0525 CVE-2008-4815 CVE-2009-1251 CVE-2009-1292 CVE-2009-2166 CVE-2009-3954 CVE-2009-3956 CVE-2009-3957 CVE-2009-3958 CVE-2009-3959 CVE-2010-2203 CVE-2010-2594 CVE-2010-2659 CVE-2010-2660 CVE-2010-2661 CVE-2010-2665 CVE-2010-2791 CVE-2011-4369 CVE-2012-1930 CVE-2012-1931 CVE-2012-6472
gnome/gdm,gnome,gdm,CVE-1999-0990 CVE-2000-0491 CVE-2000-0504 CVE-2003-0547 CVE-2003-0548 CVE-2003-0549 CVE-2003-0793 CVE-2003-0794 CVE-2006-1057 CVE-2006-2452 CVE-2006-6105 CVE-2007-3381 CVE-2009-2697 CVE-2011-0727 CVE-2011-1709
webmin/webmin,webmin,webmin,CVE-1999-1074 CVE-2001-0222 CVE-2001-1074 CVE-2001-1196 CVE-2001-1530 CVE-2002-0756 CVE-2002-0757 CVE-2002-1672 CVE-2002-1673 CVE-2002-1947 CVE-2002-2201 CVE-2002-2360 CVE-2003-0101 CVE-2004-0559 CVE-2004-0582 CVE-2004-0583 CVE-2004-1468 CVE-2005-1177 CVE-2005-3042 CVE-2005-3912 CVE-2006-3274 CVE-2006-3392 CVE-2006-4542 CVE-2007-1276 CVE-2007-3156 CVE-2007-5066 CVE-2008-0720 CVE-2009-4568 CVE-2011-1937 CVE-2014-0339 CVE-2014-3885 CVE-2014-3886 CVE-2014-3924 CVE-2015-1377 CVE-2017-15644 CVE-2017-15645 CVE-2017-15646 CVE-2017-17089 CVE-2017-2106 CVE-2017-9313 CVE-2018-19191 CVE-2018-8712 CVE-2019-12840 CVE-2019-15107 CVE-2019-15641 CVE-2019-15642 CVE-2019-9624 CVE-2020-12670 CVE-2020-35606 CVE-2020-35769 CVE-2020-8820 CVE-2020-8821 CVE-2021-31760 CVE-2021-31761 CVE-2021-31762 CVE-2021-32156 CVE-2021-32157 CVE-2021-32158 CVE-2021-32159 CVE-2021-32160 CVE-2021-32161 CVE-2021-32162 CVE-2022-0824 CVE-2022-0829 CVE-2022-30708
nlog/nlog,nlog,nlog,CVE-1999-1278
hylafax/HylaFAX,hylafax,hylafax,CVE-1999-1340 CVE-2001-0387 CVE-2002-1049 CVE-2002-1050 CVE-2003-0886 CVE-2004-1182 CVE-2005-3069 CVE-2005-3070 CVE-2005-3539 CVE-2018-17141
glftpd/glftpd,glftpd,glftpd,CVE-2000-0038 CVE-2000-0040 CVE-2000-0587 CVE-2001-0965 CVE-2005-0483 CVE-2006-1253 CVE-2021-31645
lcdproc/lcdproc,lcdproc,lcdproc,CVE-2000-0295 CVE-2004-1915 CVE-2004-1916 CVE-2004-1917
openldap/openldap,openldap,openldap,CVE-2000-0336 CVE-2000-0748 CVE-2001-0977 CVE-2002-0045 CVE-2002-1378 CVE-2002-1379 CVE-2002-1508 CVE-2003-1201 CVE-2004-0823 CVE-2004-1880 CVE-2005-2069 CVE-2005-4442 CVE-2006-2754 CVE-2006-4600 CVE-2006-5779 CVE-2006-6493 CVE-2007-5707 CVE-2007-5708 CVE-2007-6698 CVE-2008-0658 CVE-2008-2952 CVE-2009-3767 CVE-2010-0211 CVE-2010-0212 CVE-2011-1024 CVE-2011-1025 CVE-2011-1081 CVE-2011-4079 CVE-2012-1164 CVE-2012-2668 CVE-2013-4449 CVE-2014-8182 CVE-2014-9713 CVE-2015-1545 CVE-2015-1546 CVE-2015-3276 CVE-2015-6908 CVE-2017-14159 CVE-2017-17740 CVE-2017-9287 CVE-2019-13057 CVE-2019-13565 CVE-2020-12243 CVE-2020-15719 CVE-2020-25692 CVE-2020-25709 CVE-2020-25710 CVE-2020-36221 CVE-2020-36222 CVE-2020-36223 CVE-2020-36224 CVE-2020-36225 CVE-2020-36226 CVE-2020-36227 CVE-2020-36228 CVE-2020-36229 CVE-2020-36230 CVE-2021-27212 CVE-2022-29155
imp/imp,imp,imp,CVE-2000-0458 CVE-2000-0459
icq/icq,icq,icq,CVE-2000-0552 CVE-2009-1915 CVE-2011-0487
apache/tomcat,apache,tomcat,CVE-2000-0672 CVE-2000-0759 CVE-2000-0760 CVE-2000-1210 CVE-2001-0590 CVE-2001-0829 CVE-2001-0917 CVE-2001-1563 CVE-2002-0493 CVE-2002-0682 CVE-2002-0935 CVE-2002-0936 CVE-2002-1148 CVE-2002-1394 CVE-2002-1567 CVE-2002-1895 CVE-2002-2006 CVE-2002-2007 CVE-2002-2008 CVE-2002-2009 CVE-2002-2272 CVE-2003-0042 CVE-2003-0043 CVE-2003-0044 CVE-2003-0045 CVE-2003-0866 CVE-2005-0808 CVE-2005-2090 CVE-2005-3164 CVE-2005-3510 CVE-2005-4703 CVE-2005-4836 CVE-2005-4838 CVE-2006-3835 CVE-2006-7195 CVE-2006-7196 CVE-2006-7197 CVE-2007-0450 CVE-2007-1355 CVE-2007-1358 CVE-2007-1858 CVE-2007-2449 CVE-2007-2450 CVE-2007-3382 CVE-2007-3383 CVE-2007-3384 CVE-2007-3385 CVE-2007-3386 CVE-2007-4724 CVE-2007-5333 CVE-2007-5342 CVE-2007-5461 CVE-2007-6286 CVE-2008-0002 CVE-2008-0128 CVE-2008-1232 CVE-2008-1947 CVE-2008-2370 CVE-2008-2938 CVE-2008-3271 CVE-2008-4308 CVE-2008-5515 CVE-2008-5519 CVE-2009-0033 CVE-2009-0580 CVE-2009-0781 CVE-2009-0783 CVE-2009-2693 CVE-2009-2696 CVE-2009-2901 CVE-2009-2902 CVE-2009-3548 CVE-2010-1157 CVE-2010-2227 CVE-2010-3718 CVE-2010-4172 CVE-2010-4312 CVE-2011-0013 CVE-2011-0534 CVE-2011-1088 CVE-2011-1183 CVE-2011-1184 CVE-2011-1419 CVE-2011-1475 CVE-2011-1582 CVE-2011-2204 CVE-2011-2481 CVE-2011-2526 CVE-2011-2729 CVE-2011-3190 CVE-2011-3375 CVE-2011-3376 CVE-2011-4858 CVE-2011-5062 CVE-2011-5063 CVE-2011-5064 CVE-2012-0022 CVE-2012-2733 CVE-2012-3544 CVE-2012-3546 CVE-2012-4431 CVE-2012-4534 CVE-2012-5568 CVE-2012-5885 CVE-2012-5886 CVE-2012-5887 CVE-2013-0346 CVE-2013-2067 CVE-2013-2071 CVE-2013-2185 CVE-2013-4286 CVE-2013-4322 CVE-2013-4444 CVE-2013-4590 CVE-2013-6357 CVE-2014-0033 CVE-2014-0050 CVE-2014-0075 CVE-2014-0095 CVE-2014-0096 CVE-2014-0099 CVE-2014-0119 CVE-2014-0227 CVE-2014-0230 CVE-2014-7810 CVE-2014-9634 CVE-2014-9635 CVE-2015-5174 CVE-2015-5345 CVE-2015-5346 CVE-2015-5351 CVE-2016-0706 CVE-2016-0714 CVE-2016-0762 CVE-2016-0763 CVE-2016-1240 CVE-2016-3092 CVE-2016-5018 CVE-2016-5388 CVE-2016-5425 CVE-2016-6325 CVE-2016-6794 CVE-2016-6796 CVE-2016-6797 CVE-2016-6816 CVE-2016-6817 CVE-2016-8735 CVE-2016-8745 CVE-2016-8747 CVE-2016-9774 CVE-2016-9775 CVE-2017-12615 CVE-2017-12616 CVE-2017-12617 CVE-2017-15706 CVE-2017-5647 CVE-2017-5648 CVE-2017-5650 CVE-2017-5651 CVE-2017-5664 CVE-2017-7674 CVE-2017-7675 CVE-2018-11784 CVE-2018-1304 CVE-2018-1305 CVE-2018-1336 CVE-2018-8014 CVE-2018-8034 CVE-2018-8037 CVE-2019-0199 CVE-2019-0221 CVE-2019-0232 CVE-2019-10072 CVE-2019-12418 CVE-2019-17563 CVE-2019-17569 CVE-2019-2684 CVE-2020-11996 CVE-2020-13934 CVE-2020-13935 CVE-2020-13943 CVE-2020-17527 CVE-2020-1935 CVE-2020-1938 CVE-2020-8022 CVE-2020-9484 CVE-2021-24122 CVE-2021-25122 CVE-2021-25329 CVE-2021-30639 CVE-2021-30640 CVE-2021-33037 CVE-2021-41079 CVE-2021-42340 CVE-2021-43980 CVE-2022-23181 CVE-2022-25762 CVE-2022-29885
horde/horde,horde,horde,CVE-2000-0910 CVE-2002-0181 CVE-2003-0728 CVE-2005-0378 CVE-2005-3344 CVE-2005-3570 CVE-2005-3759 CVE-2006-1260 CVE-2006-2195 CVE-2006-3548 CVE-2006-4255 CVE-2007-6018 CVE-2008-1284 CVE-2008-3823 CVE-2008-3824 CVE-2008-7218 CVE-2010-1638 CVE-2012-0209
balabit/syslog-ng,balabit,syslog-ng,CVE-2000-1165
iputils/iputils,iputils,iputils,CVE-2000-1213 CVE-2000-1214
gnome/gtk,gnome,gtk,CVE-2001-0084 CVE-2004-0753 CVE-2004-0782 CVE-2004-0783 CVE-2004-0788 CVE-2005-0372 CVE-2005-0891 CVE-2005-2975 CVE-2005-2976 CVE-2007-0010 CVE-2010-0732 CVE-2010-4831 CVE-2010-4833 CVE-2012-0828 CVE-2014-1949
tinyproxy/tinyproxy,tinyproxy,tinyproxy,CVE-2001-0129 CVE-2002-0847
proftpd/proftpd,proftpd,proftpd,CVE-2001-0136 CVE-2004-0346 CVE-2004-1602 CVE-2008-7265 CVE-2009-0543 CVE-2009-3639 CVE-2010-20103 CVE-2010-3867 CVE-2010-4221 CVE-2010-4652 CVE-2011-1137 CVE-2011-4130 CVE-2012-6095 CVE-2013-4359 CVE-2015-3306 CVE-2016-3125 CVE-2017-7418 CVE-2019-12815 CVE-2019-18217 CVE-2019-19269 CVE-2019-19270 CVE-2019-19271 CVE-2019-19272 CVE-2020-9272 CVE-2020-9273 CVE-2021-46854
phpmyadmin/phpmyadmin,phpmyadmin,phpmyadmin,CVE-2001-0478 CVE-2001-1060 CVE-2004-0129 CVE-2004-1055 CVE-2004-1147 CVE-2004-1148 CVE-2004-2630 CVE-2004-2631 CVE-2004-2632 CVE-2005-0459 CVE-2005-0543 CVE-2005-0544 CVE-2005-0567 CVE-2005-0653 CVE-2005-0992 CVE-2005-1392 CVE-2005-2869 CVE-2005-3299 CVE-2005-3300 CVE-2005-3301 CVE-2005-3621 CVE-2005-3622 CVE-2005-3665 CVE-2005-3787 CVE-2005-4079 CVE-2005-4349 CVE-2005-4450 CVE-2006-1258 CVE-2006-1678 CVE-2006-1803 CVE-2006-1804 CVE-2006-2031 CVE-2006-2417 CVE-2006-2418 CVE-2006-3388 CVE-2006-5116 CVE-2006-5117 CVE-2006-5718 CVE-2006-6373 CVE-2006-6374 CVE-2006-6942 CVE-2006-6943 CVE-2006-6944 CVE-2007-0095 CVE-2007-0203 CVE-2007-0204 CVE-2007-0341 CVE-2007-1325 CVE-2007-1395 CVE-2007-2016 CVE-2007-2245 CVE-2007-4306 CVE-2007-5386 CVE-2007-5589 CVE-2007-5976 CVE-2007-5977 CVE-2007-6100 CVE-2008-1149 CVE-2008-1567 CVE-2008-1924 CVE-2008-2960 CVE-2008-3197 CVE-2008-3456 CVE-2008-3457 CVE-2008-4096 CVE-2008-4326 CVE-2008-4775 CVE-2008-5621 CVE-2008-7251 CVE-2008-7252 CVE-2009-1148 CVE-2009-1149 CVE-2009-1150 CVE-2009-1151 CVE-2009-1285 CVE-2009-2284 CVE-2009-3696 CVE-2009-3697 CVE-2009-4605 CVE-2010-2958 CVE-2010-3055 CVE-2010-3056 CVE-2010-3263 CVE-2010-4329 CVE-2010-4480 CVE-2010-4481 CVE-2011-0986 CVE-2011-0987 CVE-2011-1940 CVE-2011-1941 CVE-2011-2505 CVE-2011-2506 CVE-2011-2507 CVE-2011-2508 CVE-2011-2642 CVE-2011-2643 CVE-2011-2718 CVE-2011-2719 CVE-2011-3181 CVE-2011-3591 CVE-2011-3592 CVE-2011-3646 CVE-2011-4064 CVE-2011-4107 CVE-2011-4634 CVE-2011-4780 CVE-2011-4782 CVE-2012-1190 CVE-2012-1902 CVE-2012-4219 CVE-2012-4345 CVE-2012-4579 CVE-2012-5159 CVE-2012-5339 CVE-2012-5368 CVE-2012-5469 CVE-2013-1937 CVE-2013-3238 CVE-2013-3239 CVE-2013-3240 CVE-2013-3241 CVE-2013-3742 CVE-2013-4729 CVE-2013-4995 CVE-2013-4996 CVE-2013-4997 CVE-2013-4998 CVE-2013-4999 CVE-2013-5000 CVE-2013-5001 CVE-2013-5002 CVE-2013-5003 CVE-2013-5029 CVE-2014-1879 CVE-2014-4348 CVE-2014-4349 CVE-2014-4954 CVE-2014-4955 CVE-2014-4986 CVE-2014-4987 CVE-2014-5273 CVE-2014-5274 CVE-2014-6300 CVE-2014-7217 CVE-2014-8326 CVE-2014-8958 CVE-2014-8959 CVE-2014-8960 CVE-2014-8961 CVE-2014-9218 CVE-2014-9219 CVE-2015-2206 CVE-2015-3902 CVE-2015-3903 CVE-2015-6830 CVE-2015-7873 CVE-2015-8669 CVE-2016-1927 CVE-2016-2038 CVE-2016-2039 CVE-2016-2040 CVE-2016-2041 CVE-2016-2042 CVE-2016-2043 CVE-2016-2044 CVE-2016-2045 CVE-2016-2559 CVE-2016-2560 CVE-2016-2561 CVE-2016-2562 CVE-2016-4412 CVE-2016-5097 CVE-2016-5098 CVE-2016-5099 CVE-2016-5701 CVE-2016-5702 CVE-2016-5703 CVE-2016-5704 CVE-2016-5705 CVE-2016-5706 CVE-2016-5730 CVE-2016-5731 CVE-2016-5732 CVE-2016-5733 CVE-2016-5734 CVE-2016-5739 CVE-2016-6606 CVE-2016-6607 CVE-2016-6608 CVE-2016-6609 CVE-2016-6610 CVE-2016-6611 CVE-2016-6612 CVE-2016-6613 CVE-2016-6614 CVE-2016-6615 CVE-2016-6616 CVE-2016-6617 CVE-2016-6618 CVE-2016-6619 CVE-2016-6620 CVE-2016-6621 CVE-2016-6622 CVE-2016-6623 CVE-2016-6624 CVE-2016-6625 CVE-2016-6626 CVE-2016-6627 CVE-2016-6628 CVE-2016-6629 CVE-2016-6630 CVE-2016-6631 CVE-2016-6632 CVE-2016-6633 CVE-2016-9847 CVE-2016-9848 CVE-2016-9849 CVE-2016-9850 CVE-2016-9851 CVE-2016-9852 CVE-2016-9853 CVE-2016-9854 CVE-2016-9855 CVE-2016-9856 CVE-2016-9857 CVE-2016-9858 CVE-2016-9859 CVE-2016-9860 CVE-2016-9861 CVE-2016-9862 CVE-2016-9863 CVE-2016-9864 CVE-2016-9865 CVE-2016-9866 CVE-2017-1000013 CVE-2017-1000014 CVE-2017-1000015 CVE-2017-1000016 CVE-2017-1000017 CVE-2017-1000018 CVE-2017-1000499 CVE-2017-18264 CVE-2018-10188 CVE-2018-12581 CVE-2018-12613 CVE-2018-15605 CVE-2018-19968 CVE-2018-19969 CVE-2018-19970 CVE-2018-7260 CVE-2019-11768 CVE-2019-12616 CVE-2019-12922 CVE-2019-18622 CVE-2019-19617 CVE-2019-6798 CVE-2019-6799 CVE-2020-10802 CVE-2020-10803 CVE-2020-10804 CVE-2020-11441 CVE-2020-22278 CVE-2020-22452 CVE-2020-26934 CVE-2020-26935 CVE-2020-5504 CVE-2022-0813 CVE-2022-23807 CVE-2022-23808
phppgadmin/phppgadmin,phppgadmin,phppgadmin,CVE-2001-0479 CVE-2005-2256 CVE-2007-2865 CVE-2007-5728 CVE-2008-5587 CVE-2011-3598
sane/sane,sane,sane,CVE-2001-0890 CVE-2003-0773 CVE-2003-0774 CVE-2003-0775 CVE-2003-0776 CVE-2003-0777 CVE-2003-0778
phpbb/phpbb,phpbb,phpbb,CVE-2001-1471 CVE-2002-2255 CVE-2002-2346 CVE-2003-1530 CVE-2006-2220 CVE-2006-5191 CVE-2006-7168 CVE-2007-4653 CVE-2007-4984 CVE-2007-5173 CVE-2007-5688 CVE-2008-0471 CVE-2008-1305 CVE-2008-1766 CVE-2008-3224 CVE-2008-4125 CVE-2008-6301 CVE-2008-6314 CVE-2008-6506 CVE-2008-6507 CVE-2008-7143 CVE-2009-3052 CVE-2010-1627 CVE-2010-1630 CVE-2011-0544 CVE-2015-1431 CVE-2015-1432 CVE-2015-3880 CVE-2017-1000419 CVE-2018-19274 CVE-2019-11767 CVE-2019-13376 CVE-2019-16107 CVE-2019-16108 CVE-2019-16993 CVE-2019-9826 CVE-2020-5501 CVE-2020-5502 CVE-2020-8226
atheos/Atheos,atheos,atheos,CVE-2002-0244
ettercap/ettercap,ettercap,ettercap,CVE-2002-0276 CVE-2005-1796
gator/gator,gator,gator,CVE-2002-0317
xerver/xerver,xerver,xerver,CVE-2002-0447 CVE-2002-0448 CVE-2005-3293 CVE-2005-4774 CVE-2009-3544 CVE-2009-3561 CVE-2009-3562
listar/listar,listar,listar,CVE-2002-0467 CVE-2002-0468 CVE-2002-0469
inn/inn,inn,inn,CVE-2002-0526
postboard/postboard,postboard,postboard,CVE-2002-0534 CVE-2002-0535
distrotech/cvs,distrotech,cvs,CVE-2002-0844
seanox/devwex,seanox,devwex,CVE-2002-0945 CVE-2002-0946
kde/konqueror,kde,konqueror,CVE-2002-0970 CVE-2002-1151 CVE-2003-0459 CVE-2003-0592 CVE-2003-1478 CVE-2004-0411 CVE-2004-0527 CVE-2004-0721 CVE-2004-0746 CVE-2004-0866 CVE-2004-0867 CVE-2004-0870 CVE-2004-1158 CVE-2004-1165 CVE-2005-0237 CVE-2005-4684 CVE-2006-3672 CVE-2007-0537 CVE-2007-1308 CVE-2007-1564 CVE-2007-1565 CVE-2007-2164 CVE-2007-3143 CVE-2007-3820 CVE-2007-4224 CVE-2007-4225 CVE-2007-4229 CVE-2007-6000 CVE-2007-6591 CVE-2008-4382 CVE-2008-5698 CVE-2008-5712 CVE-2009-2537 CVE-2009-4976
irssi/irssi,irssi,irssi,CVE-2002-0983 CVE-2002-1840 CVE-2003-1020 CVE-2006-0458 CVE-2007-4396 CVE-2007-4397 CVE-2007-4398 CVE-2007-4399 CVE-2009-1959 CVE-2010-1155 CVE-2010-1156 CVE-2016-7044 CVE-2016-7045 CVE-2017-10965 CVE-2017-10966 CVE-2017-15227 CVE-2017-15228 CVE-2017-15721 CVE-2017-15722 CVE-2017-15723 CVE-2017-5193 CVE-2017-5194 CVE-2017-5195 CVE-2017-5196 CVE-2017-5356 CVE-2017-7191 CVE-2017-9468 CVE-2017-9469 CVE-2018-5205 CVE-2018-5206 CVE-2018-5207 CVE-2018-5208 CVE-2018-7050 CVE-2018-7051 CVE-2018-7052 CVE-2018-7053 CVE-2018-7054 CVE-2019-13045 CVE-2019-15717 CVE-2019-5882
libesmtp/libESMTP,libesmtp,libesmtp,CVE-2002-1090
mantis/mantis,mantis,mantis,CVE-2002-1110 CVE-2002-1111 CVE-2002-1112 CVE-2002-1113 CVE-2002-1114 CVE-2002-1115 CVE-2002-1116 CVE-2003-0499 CVE-2004-1730 CVE-2004-1731 CVE-2004-1734 CVE-2004-2666 CVE-2005-2556 CVE-2005-2557 CVE-2005-3090 CVE-2005-3091 CVE-2005-3335 CVE-2005-3336 CVE-2005-3337 CVE-2005-3338 CVE-2005-3339 CVE-2005-4238 CVE-2005-4518 CVE-2005-4519 CVE-2005-4520 CVE-2005-4521 CVE-2005-4522 CVE-2005-4523 CVE-2005-4524 CVE-2006-0146 CVE-2006-0147 CVE-2006-0664 CVE-2006-0665 CVE-2006-0840 CVE-2006-0841 CVE-2006-1577 CVE-2006-6515 CVE-2006-6574 CVE-2007-6611 CVE-2008-0404 CVE-2008-3331 CVE-2008-3332 CVE-2008-3333 CVE-2008-4687 CVE-2008-4688 CVE-2008-4689
net-snmp/net-snmp,net-snmp,net-snmp,CVE-2002-1170 CVE-2003-0935 CVE-2005-1740 CVE-2005-2177 CVE-2005-2811 CVE-2005-4837 CVE-2006-6305 CVE-2007-5846 CVE-2008-0960 CVE-2008-2292 CVE-2008-4309 CVE-2008-6123 CVE-2009-1887 CVE-2012-2141 CVE-2012-6151 CVE-2014-2284 CVE-2014-2285 CVE-2014-2310 CVE-2014-3565 CVE-2015-5621 CVE-2015-8100 CVE-2018-1000116 CVE-2018-18065 CVE-2018-18066 CVE-2019-20892 CVE-2020-15861 CVE-2020-15862 CVE-2022-24805 CVE-2022-24806 CVE-2022-24807 CVE-2022-24808 CVE-2022-24809 CVE-2022-24810
apple/cups,apple,cups,CVE-2002-1372 CVE-2004-2154 CVE-2007-3387 CVE-2007-4045 CVE-2008-0053 CVE-2008-1033 CVE-2008-1374 CVE-2008-3639 CVE-2008-3640 CVE-2008-3641 CVE-2008-5183 CVE-2008-5184 CVE-2008-5286 CVE-2008-5377 CVE-2009-0032 CVE-2009-0146 CVE-2009-0147 CVE-2009-0163 CVE-2009-0164 CVE-2009-0166 CVE-2009-0195 CVE-2009-0577 CVE-2009-0791 CVE-2009-0799 CVE-2009-0800 CVE-2009-0949 CVE-2009-1179 CVE-2009-1180 CVE-2009-1181 CVE-2009-1182 CVE-2009-1183 CVE-2009-1196 CVE-2009-3553 CVE-2010-0302 CVE-2010-0393 CVE-2010-0542 CVE-2010-1748 CVE-2010-2431 CVE-2010-2432 CVE-2010-2941 CVE-2010-3702 CVE-2011-2896 CVE-2011-3170 CVE-2012-5519 CVE-2012-6094 CVE-2013-6891 CVE-2014-2856 CVE-2014-3537 CVE-2014-5029 CVE-2014-5030 CVE-2014-5031 CVE-2014-9679 CVE-2017-18190 CVE-2017-18248 CVE-2018-4300 CVE-2022-26691
geneweb/geneweb,geneweb,geneweb,CVE-2002-1390
dotproject/dotProject,dotproject,dotproject,CVE-2002-1428 CVE-2006-0754 CVE-2006-0755 CVE-2006-0756 CVE-2006-2851 CVE-2006-3240 CVE-2006-4234 CVE-2007-3226 CVE-2007-5486 CVE-2008-3886 CVE-2008-3887 CVE-2008-6747 CVE-2011-3729 CVE-2012-5701 CVE-2012-5702
scponly/scponly,scponly,scponly,CVE-2002-1469 CVE-2004-1162 CVE-2005-4532 CVE-2005-4533 CVE-2007-6350
newsx/newsx,newsx,newsx,CVE-2002-1789
drupal/drupal,drupal,drupal,CVE-2002-1806 CVE-2005-0682 CVE-2005-1871 CVE-2005-1921 CVE-2005-2106 CVE-2005-3973 CVE-2005-3974 CVE-2005-3975 CVE-2006-0070 CVE-2006-1225 CVE-2006-1226 CVE-2006-1227 CVE-2006-1228 CVE-2006-2260 CVE-2006-2742 CVE-2006-2743 CVE-2006-2831 CVE-2006-2832 CVE-2006-2833 CVE-2006-3570 CVE-2006-4002 CVE-2006-4120 CVE-2006-5475 CVE-2006-5476 CVE-2006-5477 CVE-2007-0124 CVE-2007-0136 CVE-2007-0626 CVE-2007-0658 CVE-2007-4063 CVE-2007-4064 CVE-2007-5416 CVE-2007-5593 CVE-2007-5594 CVE-2007-5595 CVE-2007-5596 CVE-2007-5597 CVE-2007-5621 CVE-2007-6299 CVE-2007-6752 CVE-2008-0272 CVE-2008-0273 CVE-2008-0274 CVE-2008-0276 CVE-2008-0462 CVE-2008-1131 CVE-2008-1133 CVE-2008-1729 CVE-2008-1731 CVE-2008-1792 CVE-2008-1978 CVE-2008-1980 CVE-2008-2629 CVE-2008-2771 CVE-2008-2998 CVE-2008-2999 CVE-2008-3218 CVE-2008-3219 CVE-2008-3220 CVE-2008-3221 CVE-2008-3222 CVE-2008-3223 CVE-2008-3661 CVE-2008-3740 CVE-2008-3741 CVE-2008-3742 CVE-2008-3743 CVE-2008-3744 CVE-2008-3745 CVE-2008-4633 CVE-2008-4710 CVE-2008-4789 CVE-2008-4790 CVE-2008-4791 CVE-2008-4792 CVE-2008-4793 CVE-2008-5996 CVE-2008-5998 CVE-2008-5999 CVE-2008-6020 CVE-2008-6134 CVE-2008-6135 CVE-2008-6137 CVE-2008-6170 CVE-2008-6171 CVE-2008-6383 CVE-2008-6413 CVE-2008-6532 CVE-2008-6533 CVE-2008-6835 CVE-2008-6836 CVE-2008-6908 CVE-2008-6909 CVE-2008-6910 CVE-2008-6972 CVE-2008-7150 CVE-2008-7151 CVE-2009-0382 CVE-2009-0603 CVE-2009-0817 CVE-2009-0818 CVE-2009-1035 CVE-2009-1036 CVE-2009-1037 CVE-2009-1047 CVE-2009-1069 CVE-2009-1249 CVE-2009-1342 CVE-2009-1343 CVE-2009-1344 CVE-2009-1501 CVE-2009-1505 CVE-2009-1507 CVE-2009-1575 CVE-2009-1576 CVE-2009-1738 CVE-2009-1823 CVE-2009-1844 CVE-2009-2074 CVE-2009-2075 CVE-2009-2076 CVE-2009-2077 CVE-2009-2078 CVE-2009-2079 CVE-2009-2083 CVE-2009-2237 CVE-2009-2291 CVE-2009-2370 CVE-2009-2371 CVE-2009-2372 CVE-2009-2373 CVE-2009-2374 CVE-2009-2572 CVE-2009-2610 CVE-2009-3121 CVE-2009-3122 CVE-2009-3156 CVE-2009-3157 CVE-2009-3206 CVE-2009-3207 CVE-2009-3210 CVE-2009-3350 CVE-2009-3351 CVE-2009-3352 CVE-2009-3353 CVE-2009-3354 CVE-2009-3363 CVE-2009-3435 CVE-2009-3437 CVE-2009-3442 CVE-2009-3479 CVE-2009-3488 CVE-2009-3568 CVE-2009-3648 CVE-2009-3650 CVE-2009-3651 CVE-2009-3652 CVE-2009-3653 CVE-2009-3654 CVE-2009-3656 CVE-2009-3657 CVE-2009-3778 CVE-2009-3779 CVE-2009-3780 CVE-2009-3782 CVE-2009-3783 CVE-2009-3784 CVE-2009-3785 CVE-2009-3786 CVE-2009-3914 CVE-2009-3915 CVE-2009-3916 CVE-2009-3917 CVE-2009-3918 CVE-2009-3919 CVE-2009-3920 CVE-2009-3921 CVE-2009-3922 CVE-2009-4042 CVE-2009-4043 CVE-2009-4044 CVE-2009-4061 CVE-2009-4062 CVE-2009-4063 CVE-2009-4064 CVE-2009-4065 CVE-2009-4066 CVE-2009-4119 CVE-2009-4207 CVE-2009-4296 CVE-2009-4369 CVE-2009-4370 CVE-2009-4371 CVE-2009-4429 CVE-2009-4513 CVE-2009-4514 CVE-2009-4515 CVE-2009-4516 CVE-2009-4517 CVE-2009-4518 CVE-2009-4520 CVE-2009-4524 CVE-2009-4525 CVE-2009-4526 CVE-2009-4527 CVE-2009-4528 CVE-2009-4532 CVE-2009-4533 CVE-2009-4534 CVE-2009-4557 CVE-2009-4558 CVE-2009-4559 CVE-2009-4602 CVE-2009-4771 CVE-2009-4772 CVE-2009-4773 CVE-2009-4829 CVE-2009-4990 CVE-2009-5096 CVE-2010-0370 CVE-2010-0697 CVE-2010-0752 CVE-2010-1074 CVE-2010-1107 CVE-2010-1108 CVE-2010-1303 CVE-2010-1358 CVE-2010-1362 CVE-2010-1530 CVE-2010-1536 CVE-2010-1539 CVE-2010-1543 CVE-2010-1584 CVE-2010-1958 CVE-2010-1976 CVE-2010-1984 CVE-2010-1998 CVE-2010-2000 CVE-2010-2001 CVE-2010-2002 CVE-2010-2021 CVE-2010-2030 CVE-2010-2048 CVE-2010-2123 CVE-2010-2125 CVE-2010-2158 CVE-2010-2250 CVE-2010-2352 CVE-2010-2353 CVE-2010-2471 CVE-2010-2472 CVE-2010-2473 CVE-2010-2724 CVE-2010-3091 CVE-2010-3092 CVE-2010-3093 CVE-2010-3094 CVE-2010-3423 CVE-2010-3685 CVE-2010-3686 CVE-2010-4519 CVE-2010-4520 CVE-2010-4521 CVE-2010-4775 CVE-2010-4813 CVE-2010-5275 CVE-2010-5276 CVE-2010-5277 CVE-2010-5312 CVE-2011-0771 CVE-2011-0899 CVE-2011-1066 CVE-2011-1661 CVE-2011-1662 CVE-2011-1663 CVE-2011-1664 CVE-2011-2687 CVE-2011-2714 CVE-2011-2715 CVE-2011-2726 CVE-2011-3730 CVE-2011-4113 CVE-2011-4560 CVE-2011-5030 CVE-2011-5187 CVE-2011-5188 CVE-2011-5189 CVE-2012-0825 CVE-2012-0826 CVE-2012-0827 CVE-2012-0914 CVE-2012-1056 CVE-2012-1057 CVE-2012-1060 CVE-2012-1588 CVE-2012-1589 CVE-2012-1590 CVE-2012-1591 CVE-2012-1623 CVE-2012-1624 CVE-2012-1625 CVE-2012-1626 CVE-2012-1627 CVE-2012-1628 CVE-2012-1629 CVE-2012-1630 CVE-2012-1631 CVE-2012-1632 CVE-2012-1633 CVE-2012-1634 CVE-2012-1635 CVE-2012-1636 CVE-2012-1638 CVE-2012-1639 CVE-2012-1640 CVE-2012-1641 CVE-2012-1642 CVE-2012-1643 CVE-2012-1644 CVE-2012-1645 CVE-2012-1647 CVE-2012-1648 CVE-2012-1649 CVE-2012-1650 CVE-2012-1651 CVE-2012-1652 CVE-2012-1653 CVE-2012-1654 CVE-2012-1655 CVE-2012-1656 CVE-2012-1657 CVE-2012-1658 CVE-2012-1659 CVE-2012-1660 CVE-2012-2056 CVE-2012-2057 CVE-2012-2058 CVE-2012-2059 CVE-2012-2060 CVE-2012-2061 CVE-2012-2062 CVE-2012-2063 CVE-2012-2064 CVE-2012-2065 CVE-2012-2066 CVE-2012-2067 CVE-2012-2068 CVE-2012-2069 CVE-2012-2070 CVE-2012-2071 CVE-2012-2072 CVE-2012-2073 CVE-2012-2074 CVE-2012-2075 CVE-2012-2076 CVE-2012-2077 CVE-2012-2080 CVE-2012-2081 CVE-2012-2083 CVE-2012-2084 CVE-2012-2096 CVE-2012-2097 CVE-2012-2116 CVE-2012-2117 CVE-2012-2153 CVE-2012-2154 CVE-2012-2155 CVE-2012-2296 CVE-2012-2297 CVE-2012-2298 CVE-2012-2299 CVE-2012-2300 CVE-2012-2302 CVE-2012-2303 CVE-2012-2304 CVE-2012-2305 CVE-2012-2306 CVE-2012-2307 CVE-2012-2308 CVE-2012-2309 CVE-2012-2310 CVE-2012-2339 CVE-2012-2340 CVE-2012-2341 CVE-2012-2702 CVE-2012-2703 CVE-2012-2704 CVE-2012-2705 CVE-2012-2706 CVE-2012-2707 CVE-2012-2708 CVE-2012-2710 CVE-2012-2711 CVE-2012-2712 CVE-2012-2713 CVE-2012-2715 CVE-2012-2716 CVE-2012-2717 CVE-2012-2718 CVE-2012-2719 CVE-2012-2720 CVE-2012-2721 CVE-2012-2722 CVE-2012-2723 CVE-2012-2725 CVE-2012-2726 CVE-2012-2727 CVE-2012-2728 CVE-2012-2729 CVE-2012-2730 CVE-2012-2731 CVE-2012-2907 CVE-2012-2922 CVE-2012-3798 CVE-2012-3799 CVE-2012-3800 CVE-2012-3802 CVE-2012-4468 CVE-2012-4469 CVE-2012-4470 CVE-2012-4471 CVE-2012-4472 CVE-2012-4473 CVE-2012-4474 CVE-2012-4475 CVE-2012-4476 CVE-2012-4477 CVE-2012-4478 CVE-2012-4479 CVE-2012-4482 CVE-2012-4483 CVE-2012-4484 CVE-2012-4485 CVE-2012-4486 CVE-2012-4487 CVE-2012-4488 CVE-2012-4489 CVE-2012-4490 CVE-2012-4491 CVE-2012-4492 CVE-2012-4493 CVE-2012-4494 CVE-2012-4495 CVE-2012-4496 CVE-2012-4497 CVE-2012-4498 CVE-2012-4499 CVE-2012-4500 CVE-2012-4553 CVE-2012-4554 CVE-2012-5007 CVE-2012-5233 CVE-2012-5537 CVE-2012-5538 CVE-2012-5539 CVE-2012-5540 CVE-2012-5541 CVE-2012-5542 CVE-2012-5543 CVE-2012-5544 CVE-2012-5545 CVE-2012-5547 CVE-2012-5548 CVE-2012-5549 CVE-2012-5550 CVE-2012-5551 CVE-2012-5552 CVE-2012-5553 CVE-2012-5554 CVE-2012-5556 CVE-2012-5557 CVE-2012-5569 CVE-2012-5584 CVE-2012-5585 CVE-2012-5586 CVE-2012-5587 CVE-2012-5588 CVE-2012-5589 CVE-2012-5590 CVE-2012-5591 CVE-2012-5651 CVE-2012-5652 CVE-2012-5653 CVE-2012-5654 CVE-2012-5655 CVE-2012-5704 CVE-2012-5705 CVE-2012-6065 CVE-2012-6572 CVE-2012-6573 CVE-2012-6574 CVE-2012-6575 CVE-2012-6576 CVE-2012-6582 CVE-2012-6583 CVE-2013-0181 CVE-2013-0182 CVE-2013-0205 CVE-2013-0206 CVE-2013-0207 CVE-2013-0224 CVE-2013-0225 CVE-2013-0227 CVE-2013-0244 CVE-2013-0245 CVE-2013-0246 CVE-2013-0257 CVE-2013-0258 CVE-2013-0259 CVE-2013-0260 CVE-2013-0316 CVE-2013-0317 CVE-2013-0318 CVE-2013-0319 CVE-2013-0320 CVE-2013-0321 CVE-2013-0322 CVE-2013-0323 CVE-2013-0324 CVE-2013-0325 CVE-2013-1393 CVE-2013-1778 CVE-2013-1779 CVE-2013-1780 CVE-2013-1781 CVE-2013-1782 CVE-2013-1783 CVE-2013-1784 CVE-2013-1785 CVE-2013-1786 CVE-2013-1787 CVE-2013-1859 CVE-2013-1887 CVE-2013-1905 CVE-2013-1906 CVE-2013-1907 CVE-2013-1908 CVE-2013-1946 CVE-2013-1971 CVE-2013-1972 CVE-2013-2036 CVE-2013-2122 CVE-2013-2123 CVE-2013-2129 CVE-2013-2158 CVE-2013-2177 CVE-2013-2197 CVE-2013-2247 CVE-2013-2715 CVE-2013-4138 CVE-2013-4139 CVE-2013-4140 CVE-2013-4174 CVE-2013-4177 CVE-2013-4178 CVE-2013-4229 CVE-2013-4230 CVE-2013-4272 CVE-2013-4274 CVE-2013-4379 CVE-2013-4380 CVE-2013-4383 CVE-2013-4384 CVE-2013-4445 CVE-2013-4446 CVE-2013-4498 CVE-2013-4502 CVE-2013-4504 CVE-2013-5315 CVE-2013-5937 CVE-2013-5938 CVE-2013-5964 CVE-2013-5965 CVE-2013-6385 CVE-2013-6386 CVE-2013-6387 CVE-2013-6388 CVE-2013-6389 CVE-2013-7067 CVE-2013-7302 CVE-2014-1475 CVE-2014-1476 CVE-2014-1607 CVE-2014-1611 CVE-2014-2983 CVE-2014-3704 CVE-2014-5019 CVE-2014-5020 CVE-2014-5021 CVE-2014-5022 CVE-2014-5265 CVE-2014-5266 CVE-2014-5267 CVE-2014-9015 CVE-2014-9016 CVE-2015-2559 CVE-2015-2749 CVE-2015-2750 CVE-2015-3231 CVE-2015-3232 CVE-2015-3233 CVE-2015-3234 CVE-2015-6658 CVE-2015-6659 CVE-2015-6660 CVE-2015-6661 CVE-2015-6665 CVE-2015-7880 CVE-2015-7943 CVE-2015-8095 CVE-2016-3162 CVE-2016-3163 CVE-2016-3164 CVE-2016-3165 CVE-2016-3166 CVE-2016-3167 CVE-2016-3168 CVE-2016-3169 CVE-2016-3170 CVE-2016-3171 CVE-2016-5385 CVE-2016-6211 CVE-2016-6212 CVE-2016-7570 CVE-2016-7571 CVE-2016-7572 CVE-2016-9449 CVE-2016-9450 CVE-2016-9451 CVE-2016-9452 CVE-2017-6377 CVE-2017-6379 CVE-2017-6381 CVE-2017-6919 CVE-2017-6920 CVE-2017-6921 CVE-2017-6922 CVE-2017-6923 CVE-2017-6924 CVE-2017-6925 CVE-2017-6926 CVE-2017-6927 CVE-2017-6928 CVE-2017-6929 CVE-2017-6930 CVE-2017-6931 CVE-2017-6932 CVE-2018-14773 CVE-2018-7600 CVE-2018-7602 CVE-2018-9861 CVE-2019-10909 CVE-2019-10910 CVE-2019-10911 CVE-2019-11358 CVE-2019-11831 CVE-2019-11876 CVE-2019-6338 CVE-2019-6339 CVE-2019-6340 CVE-2019-6341 CVE-2019-6342 CVE-2020-11022 CVE-2020-11023 CVE-2020-13662 CVE-2020-13663 CVE-2020-13664 CVE-2020-13665 CVE-2020-13666 CVE-2020-13667 CVE-2020-13668 CVE-2020-13669 CVE-2020-13670 CVE-2020-13671 CVE-2020-13672 CVE-2020-13674 CVE-2020-13675 CVE-2020-13676 CVE-2020-13677 CVE-2020-13688 CVE-2020-28948 CVE-2020-28949 CVE-2020-36193 CVE-2020-9281 CVE-2021-33829 CVE-2021-41164 CVE-2021-41165 CVE-2021-41182 CVE-2021-41183 CVE-2021-41184 CVE-2022-24728 CVE-2022-24729 CVE-2022-24775 CVE-2022-25270 CVE-2022-25271 CVE-2022-25273 CVE-2022-25274 CVE-2022-25275 CVE-2022-25276 CVE-2022-25277 CVE-2022-25278 CVE-2022-29248
alsaplayer/alsaplayer,alsaplayer,alsaplayer,CVE-2002-1896 CVE-2007-5301
pen/pen,pen,pen,CVE-2002-1957
nylon/nylon,nylon,nylon,CVE-2002-2124
Socks5/Socks5,socks5,socks5,CVE-2002-2367
plptools/plptools,plptools,plptools,CVE-2003-0074
file/file,file,file,CVE-2003-0102 CVE-2004-1304 CVE-2007-1536 CVE-2007-2799
GNOME/eog,gnome,eog,CVE-2003-0165 CVE-2008-5987
FirebirdSQL/firebird,firebirdsql,firebird,CVE-2001-0008 CVE-2003-0197 CVE-2003-0281 CVE-2004-0718 CVE-2004-0779 CVE-2004-1449 CVE-2004-2043 CVE-2006-1240 CVE-2006-1241 CVE-2006-7211 CVE-2006-7212 CVE-2006-7213 CVE-2006-7214 CVE-2007-2606 CVE-2007-3181 CVE-2007-3527 CVE-2007-4664 CVE-2007-4665 CVE-2007-4666 CVE-2007-4667 CVE-2007-4668 CVE-2007-4669 CVE-2007-4992 CVE-2007-5245 CVE-2007-5246 CVE-2008-0387 CVE-2008-0467 CVE-2009-2620 CVE-2012-5529 CVE-2013-2492 CVE-2014-9323 CVE-2016-1569 CVE-2017-11509 CVE-2017-6369
rinetd/rinetd,rinetd,rinetd,CVE-2003-0212
KDE/kopete,kde,kopete,CVE-2003-0256
